year,tract,pathogen_id,pathogen,type,share_pct
2015,upper,rhino,Rhinovirus / enterovirus,virus,42.10
2015,upper,fluA,Influenza A,virus,4.12
2015,upper,fluB,Influenza B,virus,1.60
2015,upper,sars2,SARS-CoV-2,virus,0.00
2015,upper,rsv,RSV,virus,5.00
2015,upper,hmpv,Human metapneumovirus,virus,3.16
2015,upper,piv,Parainfluenza viruses,virus,5.53
2015,upper,adeno,Adenovirus,virus,5.26
2015,upper,hcov,Seasonal coronaviruses,virus,11.58
2015,upper,spn,Streptococcus pneumoniae,bacteria,3.83
2015,upper,gas,Streptococcus pyogenes,bacteria,6.50
2015,upper,hflu,Haemophilus influenzae,bacteria,4.74
2015,upper,mcat,Moraxella catarrhalis,bacteria,2.10
2015,upper,mpn,Mycoplasma pneumoniae,bacteria,1.26
2015,upper,cpn,Chlamydia pneumoniae,bacteria,0.53
2015,upper,bper,Bordetella pertussis,bacteria,0.48
2015,upper,leg,Legionella spp.,bacteria,0.04
2015,upper,sau,Staphylococcus aureus,bacteria,0.32
2015,upper,gnb,Gram-negative bacilli,bacteria,0.11
2015,upper,fnec,Fusobacterium necrophorum,bacteria,0.84
2015,upper,gcs,Group C/G streptococci,bacteria,0.84
2015,upper,mtb,Mycobacterium tuberculosis,bacteria,0.01
2015,upper,cocci,Coccidioides spp.,fungi,0.00
2015,upper,histo,Histoplasma capsulatum,fungi,0.00
2015,upper,pjp,Pneumocystis jirovecii,fungi,0.00
2015,upper,asp,Aspergillus spp.,fungi,0.05
2015,upper,blasto,Blastomyces spp.,fungi,0.00
2015,upper,mucor,Mucorales,fungi,0.00
2015,upper,proto,Protozoa,protozoa,0.00
2016,upper,rhino,Rhinovirus / enterovirus,virus,41.39
2016,upper,fluA,Influenza A,virus,5.78
2016,upper,fluB,Influenza B,virus,2.30
2016,upper,sars2,SARS-CoV-2,virus,0.00
2016,upper,rsv,RSV,virus,5.17
2016,upper,hmpv,Human metapneumovirus,virus,3.11
2016,upper,piv,Parainfluenza viruses,virus,4.92
2016,upper,adeno,Adenovirus,virus,5.17
2016,upper,hcov,Seasonal coronaviruses,virus,10.81
2016,upper,spn,Streptococcus pneumoniae,bacteria,3.69
2016,upper,gas,Streptococcus pyogenes,bacteria,6.53
2016,upper,hflu,Haemophilus influenzae,bacteria,4.66
2016,upper,mcat,Moraxella catarrhalis,bacteria,2.07
2016,upper,mpn,Mycoplasma pneumoniae,bacteria,1.30
2016,upper,cpn,Chlamydia pneumoniae,bacteria,0.52
2016,upper,bper,Bordetella pertussis,bacteria,0.41
2016,upper,leg,Legionella spp.,bacteria,0.04
2016,upper,sau,Staphylococcus aureus,bacteria,0.31
2016,upper,gnb,Gram-negative bacilli,bacteria,0.10
2016,upper,fnec,Fusobacterium necrophorum,bacteria,0.83
2016,upper,gcs,Group C/G streptococci,bacteria,0.83
2016,upper,mtb,Mycobacterium tuberculosis,bacteria,0.01
2016,upper,cocci,Coccidioides spp.,fungi,0.00
2016,upper,histo,Histoplasma capsulatum,fungi,0.00
2016,upper,pjp,Pneumocystis jirovecii,fungi,0.00
2016,upper,asp,Aspergillus spp.,fungi,0.05
2016,upper,blasto,Blastomyces spp.,fungi,0.00
2016,upper,mucor,Mucorales,fungi,0.00
2016,upper,proto,Protozoa,protozoa,0.00
2017,upper,rhino,Rhinovirus / enterovirus,virus,39.98
2017,upper,fluA,Influenza A,virus,6.97
2017,upper,fluB,Influenza B,virus,2.75
2017,upper,sars2,SARS-CoV-2,virus,0.00
2017,upper,rsv,RSV,virus,5.00
2017,upper,hmpv,Human metapneumovirus,virus,2.85
2017,upper,piv,Parainfluenza viruses,virus,5.25
2017,upper,adeno,Adenovirus,virus,5.00
2017,upper,hcov,Seasonal coronaviruses,virus,11.55
2017,upper,spn,Streptococcus pneumoniae,bacteria,3.50
2017,upper,gas,Streptococcus pyogenes,bacteria,6.50
2017,upper,hflu,Haemophilus influenzae,bacteria,4.50
2017,upper,mcat,Moraxella catarrhalis,bacteria,2.00
2017,upper,mpn,Mycoplasma pneumoniae,bacteria,1.14
2017,upper,cpn,Chlamydia pneumoniae,bacteria,0.50
2017,upper,bper,Bordetella pertussis,bacteria,0.41
2017,upper,leg,Legionella spp.,bacteria,0.05
2017,upper,sau,Staphylococcus aureus,bacteria,0.30
2017,upper,gnb,Gram-negative bacilli,bacteria,0.10
2017,upper,fnec,Fusobacterium necrophorum,bacteria,0.80
2017,upper,gcs,Group C/G streptococci,bacteria,0.80
2017,upper,mtb,Mycobacterium tuberculosis,bacteria,0.00
2017,upper,cocci,Coccidioides spp.,fungi,0.00
2017,upper,histo,Histoplasma capsulatum,fungi,0.00
2017,upper,pjp,Pneumocystis jirovecii,fungi,0.00
2017,upper,asp,Aspergillus spp.,fungi,0.05
2017,upper,blasto,Blastomyces spp.,fungi,0.00
2017,upper,mucor,Mucorales,fungi,0.00
2017,upper,proto,Protozoa,protozoa,0.00
2018,upper,rhino,Rhinovirus / enterovirus,virus,41.12
2018,upper,fluA,Influenza A,virus,7.12
2018,upper,fluB,Influenza B,virus,3.65
2018,upper,sars2,SARS-CoV-2,virus,0.00
2018,upper,rsv,RSV,virus,4.90
2018,upper,hmpv,Human metapneumovirus,virus,3.08
2018,upper,piv,Parainfluenza viruses,virus,4.65
2018,upper,adeno,Adenovirus,virus,4.90
2018,upper,hcov,Seasonal coronaviruses,virus,10.23
2018,upper,spn,Streptococcus pneumoniae,bacteria,3.36
2018,upper,gas,Streptococcus pyogenes,bacteria,6.56
2018,upper,hflu,Haemophilus influenzae,bacteria,4.41
2018,upper,mcat,Moraxella catarrhalis,bacteria,1.96
2018,upper,mpn,Mycoplasma pneumoniae,bacteria,1.18
2018,upper,cpn,Chlamydia pneumoniae,bacteria,0.49
2018,upper,bper,Bordetella pertussis,bacteria,0.33
2018,upper,leg,Legionella spp.,bacteria,0.06
2018,upper,sau,Staphylococcus aureus,bacteria,0.29
2018,upper,gnb,Gram-negative bacilli,bacteria,0.10
2018,upper,fnec,Fusobacterium necrophorum,bacteria,0.78
2018,upper,gcs,Group C/G streptococci,bacteria,0.78
2018,upper,mtb,Mycobacterium tuberculosis,bacteria,0.00
2018,upper,cocci,Coccidioides spp.,fungi,0.00
2018,upper,histo,Histoplasma capsulatum,fungi,0.00
2018,upper,pjp,Pneumocystis jirovecii,fungi,0.00
2018,upper,asp,Aspergillus spp.,fungi,0.05
2018,upper,blasto,Blastomyces spp.,fungi,0.00
2018,upper,mucor,Mucorales,fungi,0.00
2018,upper,proto,Protozoa,protozoa,0.00
2019,upper,rhino,Rhinovirus / enterovirus,virus,39.32
2019,upper,fluA,Influenza A,virus,8.11
2019,upper,fluB,Influenza B,virus,2.73
2019,upper,sars2,SARS-CoV-2,virus,0.00
2019,upper,rsv,RSV,virus,5.16
2019,upper,hmpv,Human metapneumovirus,virus,2.95
2019,upper,piv,Parainfluenza viruses,virus,4.91
2019,upper,adeno,Adenovirus,virus,4.91
2019,upper,hcov,Seasonal coronaviruses,virus,11.35
2019,upper,spn,Streptococcus pneumoniae,bacteria,3.30
2019,upper,gas,Streptococcus pyogenes,bacteria,6.71
2019,upper,hflu,Haemophilus influenzae,bacteria,4.42
2019,upper,mcat,Moraxella catarrhalis,bacteria,1.97
2019,upper,mpn,Mycoplasma pneumoniae,bacteria,1.18
2019,upper,cpn,Chlamydia pneumoniae,bacteria,0.49
2019,upper,bper,Bordetella pertussis,bacteria,0.40
2019,upper,leg,Legionella spp.,bacteria,0.06
2019,upper,sau,Staphylococcus aureus,bacteria,0.30
2019,upper,gnb,Gram-negative bacilli,bacteria,0.10
2019,upper,fnec,Fusobacterium necrophorum,bacteria,0.79
2019,upper,gcs,Group C/G streptococci,bacteria,0.79
2019,upper,mtb,Mycobacterium tuberculosis,bacteria,0.00
2019,upper,cocci,Coccidioides spp.,fungi,0.00
2019,upper,histo,Histoplasma capsulatum,fungi,0.00
2019,upper,pjp,Pneumocystis jirovecii,fungi,0.00
2019,upper,asp,Aspergillus spp.,fungi,0.05
2019,upper,blasto,Blastomyces spp.,fungi,0.00
2019,upper,mucor,Mucorales,fungi,0.00
2019,upper,proto,Protozoa,protozoa,0.00
2020,upper,rhino,Rhinovirus / enterovirus,virus,36.83
2020,upper,fluA,Influenza A,virus,5.61
2020,upper,fluB,Influenza B,virus,2.38
2020,upper,sars2,SARS-CoV-2,virus,25.52
2020,upper,rsv,RSV,virus,2.59
2020,upper,hmpv,Human metapneumovirus,virus,2.24
2020,upper,piv,Parainfluenza viruses,virus,2.01
2020,upper,adeno,Adenovirus,virus,2.88
2020,upper,hcov,Seasonal coronaviruses,virus,6.33
2020,upper,spn,Streptococcus pneumoniae,bacteria,2.42
2020,upper,gas,Streptococcus pyogenes,bacteria,4.11
2020,upper,hflu,Haemophilus influenzae,bacteria,3.11
2020,upper,mcat,Moraxella catarrhalis,bacteria,1.38
2020,upper,mpn,Mycoplasma pneumoniae,bacteria,0.48
2020,upper,cpn,Chlamydia pneumoniae,bacteria,0.29
2020,upper,bper,Bordetella pertussis,bacteria,0.15
2020,upper,leg,Legionella spp.,bacteria,0.06
2020,upper,sau,Staphylococcus aureus,bacteria,0.29
2020,upper,gnb,Gram-negative bacilli,bacteria,0.12
2020,upper,fnec,Fusobacterium necrophorum,bacteria,0.55
2020,upper,gcs,Group C/G streptococci,bacteria,0.55
2020,upper,mtb,Mycobacterium tuberculosis,bacteria,0.01
2020,upper,cocci,Coccidioides spp.,fungi,0.00
2020,upper,histo,Histoplasma capsulatum,fungi,0.00
2020,upper,pjp,Pneumocystis jirovecii,fungi,0.00
2020,upper,asp,Aspergillus spp.,fungi,0.08
2020,upper,blasto,Blastomyces spp.,fungi,0.00
2020,upper,mucor,Mucorales,fungi,0.01
2020,upper,proto,Protozoa,protozoa,0.00
2021,upper,rhino,Rhinovirus / enterovirus,virus,42.24
2021,upper,fluA,Influenza A,virus,1.13
2021,upper,fluB,Influenza B,virus,0.03
2021,upper,sars2,SARS-CoV-2,virus,23.79
2021,upper,rsv,RSV,virus,5.28
2021,upper,hmpv,Human metapneumovirus,virus,1.36
2021,upper,piv,Parainfluenza viruses,virus,5.28
2021,upper,adeno,Adenovirus,virus,4.02
2021,upper,hcov,Seasonal coronaviruses,virus,4.42
2021,upper,spn,Streptococcus pneumoniae,bacteria,2.46
2021,upper,gas,Streptococcus pyogenes,bacteria,3.60
2021,upper,hflu,Haemophilus influenzae,bacteria,3.17
2021,upper,mcat,Moraxella catarrhalis,bacteria,1.41
2021,upper,mpn,Mycoplasma pneumoniae,bacteria,0.12
2021,upper,cpn,Chlamydia pneumoniae,bacteria,0.18
2021,upper,bper,Bordetella pertussis,bacteria,0.05
2021,upper,leg,Legionella spp.,bacteria,0.05
2021,upper,sau,Staphylococcus aureus,bacteria,0.27
2021,upper,gnb,Gram-negative bacilli,bacteria,0.11
2021,upper,fnec,Fusobacterium necrophorum,bacteria,0.48
2021,upper,gcs,Group C/G streptococci,bacteria,0.48
2021,upper,mtb,Mycobacterium tuberculosis,bacteria,0.00
2021,upper,cocci,Coccidioides spp.,fungi,0.00
2021,upper,histo,Histoplasma capsulatum,fungi,0.00
2021,upper,pjp,Pneumocystis jirovecii,fungi,0.00
2021,upper,asp,Aspergillus spp.,fungi,0.07
2021,upper,blasto,Blastomyces spp.,fungi,0.00
2021,upper,mucor,Mucorales,fungi,0.00
2021,upper,proto,Protozoa,protozoa,0.00
2022,upper,rhino,Rhinovirus / enterovirus,virus,32.99
2022,upper,fluA,Influenza A,virus,6.58
2022,upper,fluB,Influenza B,virus,0.12
2022,upper,sars2,SARS-CoV-2,virus,22.17
2022,upper,rsv,RSV,virus,5.62
2022,upper,hmpv,Human metapneumovirus,virus,1.91
2022,upper,piv,Parainfluenza viruses,virus,3.75
2022,upper,adeno,Adenovirus,virus,4.12
2022,upper,hcov,Seasonal coronaviruses,virus,7.84
2022,upper,spn,Streptococcus pneumoniae,bacteria,2.49
2022,upper,gas,Streptococcus pyogenes,bacteria,5.85
2022,upper,hflu,Haemophilus influenzae,bacteria,3.21
2022,upper,mcat,Moraxella catarrhalis,bacteria,1.43
2022,upper,mpn,Mycoplasma pneumoniae,bacteria,0.09
2022,upper,cpn,Chlamydia pneumoniae,bacteria,0.19
2022,upper,bper,Bordetella pertussis,bacteria,0.05
2022,upper,leg,Legionella spp.,bacteria,0.04
2022,upper,sau,Staphylococcus aureus,bacteria,0.23
2022,upper,gnb,Gram-negative bacilli,bacteria,0.08
2022,upper,fnec,Fusobacterium necrophorum,bacteria,0.60
2022,upper,gcs,Group C/G streptococci,bacteria,0.60
2022,upper,mtb,Mycobacterium tuberculosis,bacteria,0.00
2022,upper,cocci,Coccidioides spp.,fungi,0.00
2022,upper,histo,Histoplasma capsulatum,fungi,0.00
2022,upper,pjp,Pneumocystis jirovecii,fungi,0.00
2022,upper,asp,Aspergillus spp.,fungi,0.04
2022,upper,blasto,Blastomyces spp.,fungi,0.00
2022,upper,mucor,Mucorales,fungi,0.00
2022,upper,proto,Protozoa,protozoa,0.00
2023,upper,rhino,Rhinovirus / enterovirus,virus,37.00
2023,upper,fluA,Influenza A,virus,5.50
2023,upper,fluB,Influenza B,virus,0.57
2023,upper,sars2,SARS-CoV-2,virus,9.71
2023,upper,rsv,RSV,virus,3.93
2023,upper,hmpv,Human metapneumovirus,virus,3.75
2023,upper,piv,Parainfluenza viruses,virus,4.63
2023,upper,adeno,Adenovirus,virus,4.63
2023,upper,hcov,Seasonal coronaviruses,virus,10.18
2023,upper,spn,Streptococcus pneumoniae,bacteria,3.24
2023,upper,gas,Streptococcus pyogenes,bacteria,7.82
2023,upper,hflu,Haemophilus influenzae,bacteria,4.16
2023,upper,mcat,Moraxella catarrhalis,bacteria,1.85
2023,upper,mpn,Mycoplasma pneumoniae,bacteria,0.55
2023,upper,cpn,Chlamydia pneumoniae,bacteria,0.39
2023,upper,bper,Bordetella pertussis,bacteria,0.14
2023,upper,leg,Legionella spp.,bacteria,0.05
2023,upper,sau,Staphylococcus aureus,bacteria,0.28
2023,upper,gnb,Gram-negative bacilli,bacteria,0.09
2023,upper,fnec,Fusobacterium necrophorum,bacteria,0.74
2023,upper,gcs,Group C/G streptococci,bacteria,0.74
2023,upper,mtb,Mycobacterium tuberculosis,bacteria,0.00
2023,upper,cocci,Coccidioides spp.,fungi,0.00
2023,upper,histo,Histoplasma capsulatum,fungi,0.00
2023,upper,pjp,Pneumocystis jirovecii,fungi,0.00
2023,upper,asp,Aspergillus spp.,fungi,0.05
2023,upper,blasto,Blastomyces spp.,fungi,0.00
2023,upper,mucor,Mucorales,fungi,0.00
2023,upper,proto,Protozoa,protozoa,0.00
2024,upper,rhino,Rhinovirus / enterovirus,virus,37.10
2024,upper,fluA,Influenza A,virus,7.64
2024,upper,fluB,Influenza B,virus,1.66
2024,upper,sars2,SARS-CoV-2,virus,6.92
2024,upper,rsv,RSV,virus,4.20
2024,upper,hmpv,Human metapneumovirus,virus,2.65
2024,upper,piv,Parainfluenza viruses,virus,4.42
2024,upper,adeno,Adenovirus,virus,4.42
2024,upper,hcov,Seasonal coronaviruses,virus,10.20
2024,upper,spn,Streptococcus pneumoniae,bacteria,3.00
2024,upper,gas,Streptococcus pyogenes,bacteria,6.31
2024,upper,hflu,Haemophilus influenzae,bacteria,3.97
2024,upper,mcat,Moraxella catarrhalis,bacteria,1.77
2024,upper,mpn,Mycoplasma pneumoniae,bacteria,2.76
2024,upper,cpn,Chlamydia pneumoniae,bacteria,0.44
2024,upper,bper,Bordetella pertussis,bacteria,0.68
2024,upper,leg,Legionella spp.,bacteria,0.05
2024,upper,sau,Staphylococcus aureus,bacteria,0.26
2024,upper,gnb,Gram-negative bacilli,bacteria,0.09
2024,upper,fnec,Fusobacterium necrophorum,bacteria,0.71
2024,upper,gcs,Group C/G streptococci,bacteria,0.71
2024,upper,mtb,Mycobacterium tuberculosis,bacteria,0.00
2024,upper,cocci,Coccidioides spp.,fungi,0.00
2024,upper,histo,Histoplasma capsulatum,fungi,0.00
2024,upper,pjp,Pneumocystis jirovecii,fungi,0.00
2024,upper,asp,Aspergillus spp.,fungi,0.04
2024,upper,blasto,Blastomyces spp.,fungi,0.00
2024,upper,mucor,Mucorales,fungi,0.00
2024,upper,proto,Protozoa,protozoa,0.00
2025,upper,rhino,Rhinovirus / enterovirus,virus,35.12
2025,upper,fluA,Influenza A,virus,15.68
2025,upper,fluB,Influenza B,virus,0.73
2025,upper,sars2,SARS-CoV-2,virus,4.02
2025,upper,rsv,RSV,virus,4.17
2025,upper,hmpv,Human metapneumovirus,virus,3.03
2025,upper,piv,Parainfluenza viruses,virus,4.39
2025,upper,adeno,Adenovirus,virus,4.39
2025,upper,hcov,Seasonal coronaviruses,virus,9.66
2025,upper,spn,Streptococcus pneumoniae,bacteria,2.89
2025,upper,gas,Streptococcus pyogenes,bacteria,5.99
2025,upper,hflu,Haemophilus influenzae,bacteria,3.95
2025,upper,mcat,Moraxella catarrhalis,bacteria,1.76
2025,upper,mpn,Mycoplasma pneumoniae,bacteria,1.37
2025,upper,cpn,Chlamydia pneumoniae,bacteria,0.44
2025,upper,bper,Bordetella pertussis,bacteria,0.55
2025,upper,leg,Legionella spp.,bacteria,0.05
2025,upper,sau,Staphylococcus aureus,bacteria,0.26
2025,upper,gnb,Gram-negative bacilli,bacteria,0.09
2025,upper,fnec,Fusobacterium necrophorum,bacteria,0.70
2025,upper,gcs,Group C/G streptococci,bacteria,0.70
2025,upper,mtb,Mycobacterium tuberculosis,bacteria,0.01
2025,upper,cocci,Coccidioides spp.,fungi,0.00
2025,upper,histo,Histoplasma capsulatum,fungi,0.00
2025,upper,pjp,Pneumocystis jirovecii,fungi,0.00
2025,upper,asp,Aspergillus spp.,fungi,0.05
2025,upper,blasto,Blastomyces spp.,fungi,0.00
2025,upper,mucor,Mucorales,fungi,0.00
2025,upper,proto,Protozoa,protozoa,0.00
2026,upper,rhino,Rhinovirus / enterovirus,virus,38.73
2026,upper,fluA,Influenza A,virus,5.69
2026,upper,fluB,Influenza B,virus,4.62
2026,upper,sars2,SARS-CoV-2,virus,4.09
2026,upper,rsv,RSV,virus,3.11
2026,upper,hmpv,Human metapneumovirus,virus,3.53
2026,upper,piv,Parainfluenza viruses,virus,4.84
2026,upper,adeno,Adenovirus,virus,5.19
2026,upper,hcov,Seasonal coronaviruses,virus,9.89
2026,upper,spn,Streptococcus pneumoniae,bacteria,3.10
2026,upper,gas,Streptococcus pyogenes,bacteria,6.74
2026,upper,hflu,Haemophilus influenzae,bacteria,4.36
2026,upper,mcat,Moraxella catarrhalis,bacteria,1.94
2026,upper,mpn,Mycoplasma pneumoniae,bacteria,1.08
2026,upper,cpn,Chlamydia pneumoniae,bacteria,0.52
2026,upper,bper,Bordetella pertussis,bacteria,0.39
2026,upper,leg,Legionella spp.,bacteria,0.05
2026,upper,sau,Staphylococcus aureus,bacteria,0.31
2026,upper,gnb,Gram-negative bacilli,bacteria,0.10
2026,upper,fnec,Fusobacterium necrophorum,bacteria,0.83
2026,upper,gcs,Group C/G streptococci,bacteria,0.83
2026,upper,mtb,Mycobacterium tuberculosis,bacteria,0.01
2026,upper,cocci,Coccidioides spp.,fungi,0.00
2026,upper,histo,Histoplasma capsulatum,fungi,0.00
2026,upper,pjp,Pneumocystis jirovecii,fungi,0.00
2026,upper,asp,Aspergillus spp.,fungi,0.05
2026,upper,blasto,Blastomyces spp.,fungi,0.00
2026,upper,mucor,Mucorales,fungi,0.00
2026,upper,proto,Protozoa,protozoa,0.00
2015,lower,rhino,Rhinovirus / enterovirus,virus,20.83
2015,lower,fluA,Influenza A,virus,7.16
2015,lower,fluB,Influenza B,virus,2.78
2015,lower,sars2,SARS-CoV-2,virus,0.00
2015,lower,rsv,RSV,virus,15.62
2015,lower,hmpv,Human metapneumovirus,virus,7.68
2015,lower,piv,Parainfluenza viruses,virus,6.33
2015,lower,adeno,Adenovirus,virus,4.93
2015,lower,hcov,Seasonal coronaviruses,virus,4.93
2015,lower,spn,Streptococcus pneumoniae,bacteria,9.69
2015,lower,gas,Streptococcus pyogenes,bacteria,0.42
2015,lower,hflu,Haemophilus influenzae,bacteria,3.29
2015,lower,mcat,Moraxella catarrhalis,bacteria,1.32
2015,lower,mpn,Mycoplasma pneumoniae,bacteria,5.48
2015,lower,cpn,Chlamydia pneumoniae,bacteria,1.65
2015,lower,bper,Bordetella pertussis,bacteria,1.49
2015,lower,leg,Legionella spp.,bacteria,0.51
2015,lower,sau,Staphylococcus aureus,bacteria,2.41
2015,lower,gnb,Gram-negative bacilli,bacteria,2.19
2015,lower,fnec,Fusobacterium necrophorum,bacteria,0.02
2015,lower,gcs,Group C/G streptococci,bacteria,0.06
2015,lower,mtb,Mycobacterium tuberculosis,bacteria,0.17
2015,lower,cocci,Coccidioides spp.,fungi,0.44
2015,lower,histo,Histoplasma capsulatum,fungi,0.28
2015,lower,pjp,Pneumocystis jirovecii,fungi,0.15
2015,lower,asp,Aspergillus spp.,fungi,0.13
2015,lower,blasto,Blastomyces spp.,fungi,0.03
2015,lower,mucor,Mucorales,fungi,0.01
2015,lower,proto,Protozoa,protozoa,0.00
2016,lower,rhino,Rhinovirus / enterovirus,virus,19.99
2016,lower,fluA,Influenza A,virus,9.80
2016,lower,fluB,Influenza B,virus,3.89
2016,lower,sars2,SARS-CoV-2,virus,0.00
2016,lower,rsv,RSV,virus,15.79
2016,lower,hmpv,Human metapneumovirus,virus,7.37
2016,lower,piv,Parainfluenza viruses,virus,5.50
2016,lower,adeno,Adenovirus,virus,4.74
2016,lower,hcov,Seasonal coronaviruses,virus,4.50
2016,lower,spn,Streptococcus pneumoniae,bacteria,9.12
2016,lower,gas,Streptococcus pyogenes,bacteria,0.41
2016,lower,hflu,Haemophilus influenzae,bacteria,3.16
2016,lower,mcat,Moraxella catarrhalis,bacteria,1.26
2016,lower,mpn,Mycoplasma pneumoniae,bacteria,5.52
2016,lower,cpn,Chlamydia pneumoniae,bacteria,1.58
2016,lower,bper,Bordetella pertussis,bacteria,1.24
2016,lower,leg,Legionella spp.,bacteria,0.50
2016,lower,sau,Staphylococcus aureus,bacteria,2.32
2016,lower,gnb,Gram-negative bacilli,bacteria,2.10
2016,lower,fnec,Fusobacterium necrophorum,bacteria,0.02
2016,lower,gcs,Group C/G streptococci,bacteria,0.05
2016,lower,mtb,Mycobacterium tuberculosis,bacteria,0.16
2016,lower,cocci,Coccidioides spp.,fungi,0.42
2016,lower,histo,Histoplasma capsulatum,fungi,0.26
2016,lower,pjp,Pneumocystis jirovecii,fungi,0.13
2016,lower,asp,Aspergillus spp.,fungi,0.13
2016,lower,blasto,Blastomyces spp.,fungi,0.03
2016,lower,mucor,Mucorales,fungi,0.01
2016,lower,proto,Protozoa,protozoa,0.00
2017,lower,rhino,Rhinovirus / enterovirus,virus,19.29
2017,lower,fluA,Influenza A,virus,11.81
2017,lower,fluB,Influenza B,virus,4.65
2017,lower,sars2,SARS-CoV-2,virus,0.00
2017,lower,rsv,RSV,virus,15.23
2017,lower,hmpv,Human metapneumovirus,virus,6.75
2017,lower,piv,Parainfluenza viruses,virus,5.86
2017,lower,adeno,Adenovirus,virus,4.57
2017,lower,hcov,Seasonal coronaviruses,virus,4.80
2017,lower,spn,Streptococcus pneumoniae,bacteria,8.63
2017,lower,gas,Streptococcus pyogenes,bacteria,0.41
2017,lower,hflu,Haemophilus influenzae,bacteria,3.05
2017,lower,mcat,Moraxella catarrhalis,bacteria,1.22
2017,lower,mpn,Mycoplasma pneumoniae,bacteria,4.82
2017,lower,cpn,Chlamydia pneumoniae,bacteria,1.52
2017,lower,bper,Bordetella pertussis,bacteria,1.26
2017,lower,leg,Legionella spp.,bacteria,0.59
2017,lower,sau,Staphylococcus aureus,bacteria,2.23
2017,lower,gnb,Gram-negative bacilli,bacteria,2.03
2017,lower,fnec,Fusobacterium necrophorum,bacteria,0.02
2017,lower,gcs,Group C/G streptococci,bacteria,0.05
2017,lower,mtb,Mycobacterium tuberculosis,bacteria,0.15
2017,lower,cocci,Coccidioides spp.,fungi,0.52
2017,lower,histo,Histoplasma capsulatum,fungi,0.26
2017,lower,pjp,Pneumocystis jirovecii,fungi,0.12
2017,lower,asp,Aspergillus spp.,fungi,0.12
2017,lower,blasto,Blastomyces spp.,fungi,0.03
2017,lower,mucor,Mucorales,fungi,0.01
2017,lower,proto,Protozoa,protozoa,0.00
2018,lower,rhino,Rhinovirus / enterovirus,virus,19.69
2018,lower,fluA,Influenza A,virus,11.96
2018,lower,fluB,Influenza B,virus,6.13
2018,lower,sars2,SARS-CoV-2,virus,0.00
2018,lower,rsv,RSV,virus,14.80
2018,lower,hmpv,Human metapneumovirus,virus,7.25
2018,lower,piv,Parainfluenza viruses,virus,5.16
2018,lower,adeno,Adenovirus,virus,4.44
2018,lower,hcov,Seasonal coronaviruses,virus,4.22
2018,lower,spn,Streptococcus pneumoniae,bacteria,8.22
2018,lower,gas,Streptococcus pyogenes,bacteria,0.41
2018,lower,hflu,Haemophilus influenzae,bacteria,2.96
2018,lower,mcat,Moraxella catarrhalis,bacteria,1.18
2018,lower,mpn,Mycoplasma pneumoniae,bacteria,4.93
2018,lower,cpn,Chlamydia pneumoniae,bacteria,1.48
2018,lower,bper,Bordetella pertussis,bacteria,1.01
2018,lower,leg,Legionella spp.,bacteria,0.74
2018,lower,sau,Staphylococcus aureus,bacteria,2.17
2018,lower,gnb,Gram-negative bacilli,bacteria,1.97
2018,lower,fnec,Fusobacterium necrophorum,bacteria,0.02
2018,lower,gcs,Group C/G streptococci,bacteria,0.05
2018,lower,mtb,Mycobacterium tuberculosis,bacteria,0.15
2018,lower,cocci,Coccidioides spp.,fungi,0.54
2018,lower,histo,Histoplasma capsulatum,fungi,0.25
2018,lower,pjp,Pneumocystis jirovecii,fungi,0.11
2018,lower,asp,Aspergillus spp.,fungi,0.12
2018,lower,blasto,Blastomyces spp.,fungi,0.03
2018,lower,mucor,Mucorales,fungi,0.01
2018,lower,proto,Protozoa,protozoa,0.00
2019,lower,rhino,Rhinovirus / enterovirus,virus,18.69
2019,lower,fluA,Influenza A,virus,13.52
2019,lower,fluB,Influenza B,virus,4.56
2019,lower,sars2,SARS-CoV-2,virus,0.00
2019,lower,rsv,RSV,virus,15.49
2019,lower,hmpv,Human metapneumovirus,virus,6.89
2019,lower,piv,Parainfluenza viruses,virus,5.41
2019,lower,adeno,Adenovirus,virus,4.43
2019,lower,hcov,Seasonal coronaviruses,virus,4.65
2019,lower,spn,Streptococcus pneumoniae,bacteria,8.03
2019,lower,gas,Streptococcus pyogenes,bacteria,0.41
2019,lower,hflu,Haemophilus influenzae,bacteria,2.95
2019,lower,mcat,Moraxella catarrhalis,bacteria,1.18
2019,lower,mpn,Mycoplasma pneumoniae,bacteria,4.92
2019,lower,cpn,Chlamydia pneumoniae,bacteria,1.47
2019,lower,bper,Bordetella pertussis,bacteria,1.19
2019,lower,leg,Legionella spp.,bacteria,0.71
2019,lower,sau,Staphylococcus aureus,bacteria,2.16
2019,lower,gnb,Gram-negative bacilli,bacteria,1.97
2019,lower,fnec,Fusobacterium necrophorum,bacteria,0.02
2019,lower,gcs,Group C/G streptococci,bacteria,0.05
2019,lower,mtb,Mycobacterium tuberculosis,bacteria,0.14
2019,lower,cocci,Coccidioides spp.,fungi,0.64
2019,lower,histo,Histoplasma capsulatum,fungi,0.25
2019,lower,pjp,Pneumocystis jirovecii,fungi,0.11
2019,lower,asp,Aspergillus spp.,fungi,0.12
2019,lower,blasto,Blastomyces spp.,fungi,0.03
2019,lower,mucor,Mucorales,fungi,0.01
2019,lower,proto,Protozoa,protozoa,0.00
2020,lower,rhino,Rhinovirus / enterovirus,virus,13.04
2020,lower,fluA,Influenza A,virus,6.97
2020,lower,fluB,Influenza B,virus,2.96
2020,lower,sars2,SARS-CoV-2,virus,47.55
2020,lower,rsv,RSV,virus,5.79
2020,lower,hmpv,Human metapneumovirus,virus,3.90
2020,lower,piv,Parainfluenza viruses,virus,1.65
2020,lower,adeno,Adenovirus,virus,1.93
2020,lower,hcov,Seasonal coronaviruses,virus,1.93
2020,lower,spn,Streptococcus pneumoniae,bacteria,4.37
2020,lower,gas,Streptococcus pyogenes,bacteria,0.19
2020,lower,hflu,Haemophilus influenzae,bacteria,1.54
2020,lower,mcat,Moraxella catarrhalis,bacteria,0.62
2020,lower,mpn,Mycoplasma pneumoniae,bacteria,1.50
2020,lower,cpn,Chlamydia pneumoniae,bacteria,0.64
2020,lower,bper,Bordetella pertussis,bacteria,0.34
2020,lower,leg,Legionella spp.,bacteria,0.52
2020,lower,sau,Staphylococcus aureus,bacteria,1.60
2020,lower,gnb,Gram-negative bacilli,bacteria,1.80
2020,lower,fnec,Fusobacterium necrophorum,bacteria,0.01
2020,lower,gcs,Group C/G streptococci,bacteria,0.03
2020,lower,mtb,Mycobacterium tuberculosis,bacteria,0.10
2020,lower,cocci,Coccidioides spp.,fungi,0.56
2020,lower,histo,Histoplasma capsulatum,fungi,0.19
2020,lower,pjp,Pneumocystis jirovecii,fungi,0.10
2020,lower,asp,Aspergillus spp.,fungi,0.13
2020,lower,blasto,Blastomyces spp.,fungi,0.03
2020,lower,mucor,Mucorales,fungi,0.01
2020,lower,proto,Protozoa,protozoa,0.00
2021,lower,rhino,Rhinovirus / enterovirus,virus,16.15
2021,lower,fluA,Influenza A,virus,1.52
2021,lower,fluB,Influenza B,virus,0.04
2021,lower,sars2,SARS-CoV-2,virus,44.66
2021,lower,rsv,RSV,virus,12.75
2021,lower,hmpv,Human metapneumovirus,virus,2.55
2021,lower,piv,Parainfluenza viruses,virus,4.67
2021,lower,adeno,Adenovirus,virus,2.91
2021,lower,hcov,Seasonal coronaviruses,virus,1.46
2021,lower,spn,Streptococcus pneumoniae,bacteria,4.82
2021,lower,gas,Streptococcus pyogenes,bacteria,0.18
2021,lower,hflu,Haemophilus influenzae,bacteria,1.70
2021,lower,mcat,Moraxella catarrhalis,bacteria,0.68
2021,lower,mpn,Mycoplasma pneumoniae,bacteria,0.40
2021,lower,cpn,Chlamydia pneumoniae,bacteria,0.43
2021,lower,bper,Bordetella pertussis,bacteria,0.12
2021,lower,leg,Legionella spp.,bacteria,0.51
2021,lower,sau,Staphylococcus aureus,bacteria,1.60
2021,lower,gnb,Gram-negative bacilli,bacteria,1.70
2021,lower,fnec,Fusobacterium necrophorum,bacteria,0.01
2021,lower,gcs,Group C/G streptococci,bacteria,0.02
2021,lower,mtb,Mycobacterium tuberculosis,bacteria,0.10
2021,lower,cocci,Coccidioides spp.,fungi,0.57
2021,lower,histo,Histoplasma capsulatum,fungi,0.20
2021,lower,pjp,Pneumocystis jirovecii,fungi,0.09
2021,lower,asp,Aspergillus spp.,fungi,0.13
2021,lower,blasto,Blastomyces spp.,fungi,0.02
2021,lower,mucor,Mucorales,fungi,0.01
2021,lower,proto,Protozoa,protozoa,0.00
2022,lower,rhino,Rhinovirus / enterovirus,virus,13.62
2022,lower,fluA,Influenza A,virus,9.54
2022,lower,fluB,Influenza B,virus,0.18
2022,lower,sars2,SARS-CoV-2,virus,35.34
2022,lower,rsv,RSV,virus,14.67
2022,lower,hmpv,Human metapneumovirus,virus,3.88
2022,lower,piv,Parainfluenza viruses,virus,3.59
2022,lower,adeno,Adenovirus,virus,3.23
2022,lower,hcov,Seasonal coronaviruses,virus,2.79
2022,lower,spn,Streptococcus pneumoniae,bacteria,5.26
2022,lower,gas,Streptococcus pyogenes,bacteria,0.31
2022,lower,hflu,Haemophilus influenzae,bacteria,1.86
2022,lower,mcat,Moraxella catarrhalis,bacteria,0.74
2022,lower,mpn,Mycoplasma pneumoniae,bacteria,0.33
2022,lower,cpn,Chlamydia pneumoniae,bacteria,0.49
2022,lower,bper,Bordetella pertussis,bacteria,0.13
2022,lower,leg,Legionella spp.,bacteria,0.41
2022,lower,sau,Staphylococcus aureus,bacteria,1.43
2022,lower,gnb,Gram-negative bacilli,bacteria,1.30
2022,lower,fnec,Fusobacterium necrophorum,bacteria,0.01
2022,lower,gcs,Group C/G streptococci,bacteria,0.03
2022,lower,mtb,Mycobacterium tuberculosis,bacteria,0.09
2022,lower,cocci,Coccidioides spp.,fungi,0.42
2022,lower,histo,Histoplasma capsulatum,fungi,0.16
2022,lower,pjp,Pneumocystis jirovecii,fungi,0.07
2022,lower,asp,Aspergillus spp.,fungi,0.09
2022,lower,blasto,Blastomyces spp.,fungi,0.02
2022,lower,mucor,Mucorales,fungi,0.01
2022,lower,proto,Protozoa,protozoa,0.00
2023,lower,rhino,Rhinovirus / enterovirus,virus,17.45
2023,lower,fluA,Influenza A,virus,9.10
2023,lower,fluB,Influenza B,virus,0.95
2023,lower,sars2,SARS-CoV-2,virus,16.87
2023,lower,rsv,RSV,virus,11.71
2023,lower,hmpv,Human metapneumovirus,virus,8.68
2023,lower,piv,Parainfluenza viruses,virus,5.05
2023,lower,adeno,Adenovirus,virus,4.13
2023,lower,hcov,Seasonal coronaviruses,virus,4.13
2023,lower,spn,Streptococcus pneumoniae,bacteria,7.81
2023,lower,gas,Streptococcus pyogenes,bacteria,0.48
2023,lower,hflu,Haemophilus influenzae,bacteria,2.76
2023,lower,mcat,Moraxella catarrhalis,bacteria,1.10
2023,lower,mpn,Mycoplasma pneumoniae,bacteria,2.30
2023,lower,cpn,Chlamydia pneumoniae,bacteria,1.17
2023,lower,bper,Bordetella pertussis,bacteria,0.42
2023,lower,leg,Legionella spp.,bacteria,0.61
2023,lower,sau,Staphylococcus aureus,bacteria,2.02
2023,lower,gnb,Gram-negative bacilli,bacteria,1.84
2023,lower,fnec,Fusobacterium necrophorum,bacteria,0.02
2023,lower,gcs,Group C/G streptococci,bacteria,0.05
2023,lower,mtb,Mycobacterium tuberculosis,bacteria,0.14
2023,lower,cocci,Coccidioides spp.,fungi,0.73
2023,lower,histo,Histoplasma capsulatum,fungi,0.23
2023,lower,pjp,Pneumocystis jirovecii,fungi,0.10
2023,lower,asp,Aspergillus spp.,fungi,0.11
2023,lower,blasto,Blastomyces spp.,fungi,0.03
2023,lower,mucor,Mucorales,fungi,0.01
2023,lower,proto,Protozoa,protozoa,0.00
2024,lower,rhino,Rhinovirus / enterovirus,virus,16.44
2024,lower,fluA,Influenza A,virus,11.88
2024,lower,fluB,Influenza B,virus,2.58
2024,lower,sars2,SARS-CoV-2,virus,10.76
2024,lower,rsv,RSV,virus,10.57
2024,lower,hmpv,Human metapneumovirus,virus,5.77
2024,lower,piv,Parainfluenza viruses,virus,4.53
2024,lower,adeno,Adenovirus,virus,3.71
2024,lower,hcov,Seasonal coronaviruses,virus,3.89
2024,lower,spn,Streptococcus pneumoniae,bacteria,6.79
2024,lower,gas,Streptococcus pyogenes,bacteria,0.36
2024,lower,hflu,Haemophilus influenzae,bacteria,2.47
2024,lower,mcat,Moraxella catarrhalis,bacteria,0.99
2024,lower,mpn,Mycoplasma pneumoniae,bacteria,10.71
2024,lower,cpn,Chlamydia pneumoniae,bacteria,1.24
2024,lower,bper,Bordetella pertussis,bacteria,1.91
2024,lower,leg,Legionella spp.,bacteria,0.54
2024,lower,sau,Staphylococcus aureus,bacteria,1.81
2024,lower,gnb,Gram-negative bacilli,bacteria,1.65
2024,lower,fnec,Fusobacterium necrophorum,bacteria,0.02
2024,lower,gcs,Group C/G streptococci,bacteria,0.04
2024,lower,mtb,Mycobacterium tuberculosis,bacteria,0.14
2024,lower,cocci,Coccidioides spp.,fungi,0.78
2024,lower,histo,Histoplasma capsulatum,fungi,0.21
2024,lower,pjp,Pneumocystis jirovecii,fungi,0.08
2024,lower,asp,Aspergillus spp.,fungi,0.10
2024,lower,blasto,Blastomyces spp.,fungi,0.02
2024,lower,mucor,Mucorales,fungi,0.01
2024,lower,proto,Protozoa,protozoa,0.00
2025,lower,rhino,Rhinovirus / enterovirus,virus,15.65
2025,lower,fluA,Influenza A,virus,24.51
2025,lower,fluB,Influenza B,virus,1.14
2025,lower,sars2,SARS-CoV-2,virus,6.29
2025,lower,rsv,RSV,virus,9.97
2025,lower,hmpv,Human metapneumovirus,virus,6.63
2025,lower,piv,Parainfluenza viruses,virus,4.53
2025,lower,adeno,Adenovirus,virus,3.71
2025,lower,hcov,Seasonal coronaviruses,virus,3.70
2025,lower,spn,Streptococcus pneumoniae,bacteria,6.58
2025,lower,gas,Streptococcus pyogenes,bacteria,0.35
2025,lower,hflu,Haemophilus influenzae,bacteria,2.47
2025,lower,mcat,Moraxella catarrhalis,bacteria,0.99
2025,lower,mpn,Mycoplasma pneumoniae,bacteria,5.35
2025,lower,cpn,Chlamydia pneumoniae,bacteria,1.23
2025,lower,bper,Bordetella pertussis,bacteria,1.55
2025,lower,leg,Legionella spp.,bacteria,0.57
2025,lower,sau,Staphylococcus aureus,bacteria,1.81
2025,lower,gnb,Gram-negative bacilli,bacteria,1.65
2025,lower,fnec,Fusobacterium necrophorum,bacteria,0.02
2025,lower,gcs,Group C/G streptococci,bacteria,0.04
2025,lower,mtb,Mycobacterium tuberculosis,bacteria,0.14
2025,lower,cocci,Coccidioides spp.,fungi,0.70
2025,lower,histo,Histoplasma capsulatum,fungi,0.21
2025,lower,pjp,Pneumocystis jirovecii,fungi,0.08
2025,lower,asp,Aspergillus spp.,fungi,0.10
2025,lower,blasto,Blastomyces spp.,fungi,0.02
2025,lower,mucor,Mucorales,fungi,0.01
2025,lower,proto,Protozoa,protozoa,0.00
2026,lower,rhino,Rhinovirus / enterovirus,virus,18.71
2026,lower,fluA,Influenza A,virus,9.64
2026,lower,fluB,Influenza B,virus,7.83
2026,lower,sars2,SARS-CoV-2,virus,6.93
2026,lower,rsv,RSV,virus,8.07
2026,lower,hmpv,Human metapneumovirus,virus,8.37
2026,lower,piv,Parainfluenza viruses,virus,5.42
2026,lower,adeno,Adenovirus,virus,4.75
2026,lower,hcov,Seasonal coronaviruses,virus,4.12
2026,lower,spn,Streptococcus pneumoniae,bacteria,7.65
2026,lower,gas,Streptococcus pyogenes,bacteria,0.42
2026,lower,hflu,Haemophilus influenzae,bacteria,2.96
2026,lower,mcat,Moraxella catarrhalis,bacteria,1.18
2026,lower,mpn,Mycoplasma pneumoniae,bacteria,4.57
2026,lower,cpn,Chlamydia pneumoniae,bacteria,1.58
2026,lower,bper,Bordetella pertussis,bacteria,1.20
2026,lower,leg,Legionella spp.,bacteria,0.65
2026,lower,sau,Staphylococcus aureus,bacteria,2.32
2026,lower,gnb,Gram-negative bacilli,bacteria,2.11
2026,lower,fnec,Fusobacterium necrophorum,bacteria,0.02
2026,lower,gcs,Group C/G streptococci,bacteria,0.05
2026,lower,mtb,Mycobacterium tuberculosis,bacteria,0.18
2026,lower,cocci,Coccidioides spp.,fungi,0.73
2026,lower,histo,Histoplasma capsulatum,fungi,0.26
2026,lower,pjp,Pneumocystis jirovecii,fungi,0.11
2026,lower,asp,Aspergillus spp.,fungi,0.13
2026,lower,blasto,Blastomyces spp.,fungi,0.03
2026,lower,mucor,Mucorales,fungi,0.01
2026,lower,proto,Protozoa,protozoa,0.00
